ID,Language_ID,English_Gloss,Form,Alternate_Form,Comment,Source,Page,,,,,,,,,,,,,
tomo1244-3-0001,tomo1244-3,man (male),nobung,,/nobuŋ/ 'man',Ross1980,A-1,,,,,,,,,,,,,
tomo1244-3-0002,tomo1244-3,woman,nolo,,,Ross1980,A-1,,,,,,,,,,,,,
tomo1244-3-0003,tomo1244-3,person (human being),,,,Ross1980,A-1,,,,,,,,,,,,,
tomo1244-3-0004,tomo1244-3,(his) father (not daddy),memman,,/memma-n/ 'father-3SG',Ross1980,A-1,,,,,,,,,,,,,
tomo1244-3-0005,tomo1244-3,(his) mother (not mummy),tenan,,/tena-n/ 'mother-3SG',Ross1980,A-1,,,,,,,,,,,,,
tomo1244-3-0006,tomo1244-3,I,,,cf. Ross (1988: 278): <o> 'D:1S'; /ʝo/ (?),Ross1980,A-1,,,,,,,,,,,,,
tomo1244-3-0007,tomo1244-3,we two (= mitupela) (exclusive),,,,Ross1980,A-1,,,,,,,,,,,,,
tomo1244-3-0008,tomo1244-3,we two (inclusive),,,,Ross1980,A-1,,,,,,,,,,,,,
tomo1244-3-0009,tomo1244-3,we (= mipela = ai) (exclusive),,,cf. Ross (1988: 278): <i-kem> 'D:1EP',Ross1980,A-1,,,,,,,,,,,,,
tomo1244-3-0010,tomo1244-3,we (yumi = ita) (inclusive),,,cf. Ross (1988: 278): <kusir> 'D:1IP'; /kusier/ (?),Ross1980,A-1,,,,,,,,,,,,,
tomo1244-3-0011,tomo1244-3,you (yu = oi) (singular),,,,Ross1980,A-2,,,,,,,,,,,,,
tomo1244-3-0012,tomo1244-3,you two (= yutupela),,,,Ross1980,A-2,,,,,,,,,,,,,
tomo1244-3-0013,tomo1244-3,you (= yupela = omui) (plural),,,cf. Ross (1988: 278): <i-kom> 'D:2P',Ross1980,A-2,,,,,,,,,,,,,
tomo1244-3-0014,tomo1244-3,he,,,,Ross1980,A-2,,,,,,,,,,,,,
tomo1244-3-0015,tomo1244-3,she,,,,Ross1980,A-2,,,,,,,,,,,,,
tomo1244-3-0016,tomo1244-3,they two,,,,Ross1980,A-2,,,,,,,,,,,,,
tomo1244-3-0017,tomo1244-3,they (plural),,,,Ross1980,A-2,,,,,,,,,,,,,
tomo1244-3-0018,tomo1244-3,all,,,,Ross1980,A-2,,,,,,,,,,,,,
tomo1244-3-0019,tomo1244-3,many,,,,Ross1980,A-2,,,,,,,,,,,,,
tomo1244-3-0020,tomo1244-3,(his) head,panalon,,/pana lo-n/ 'head POSS-3SG',Ross1980,A-2,,,,,,,,,,,,,
tomo1244-3-0021,tomo1244-3,(his) hair (on head),iulon,,/ʝu lo-n/ 'hair POSS-3SG',Ross1980,A-2,,,,,,,,,,,,,
tomo1244-3-0022,tomo1244-3,(his) eye,ngomtan,,/ŋom ta-n/ 'eye POSS-3SG',Ross1980,A-2,,,,,,,,,,,,,
tomo1244-3-0023,tomo1244-3,(his) nose,bladun,blodun,/blodu-n/ 'nose-3SG',Ross1980,A-2,,,,,,,,,,,,,
tomo1244-3-0024,tomo1244-3,(his) ear,padelngan,,contains /del/ 'mouth' (?); contains /ŋa/ 'POSS' (?); contains /-n/ '3SG' (?),Ross1980,A-2,,,,,,,,,,,,,
tomo1244-3-0025,tomo1244-3,(his) mouth,delian,,the stem of this word is uncertain,Ross1980,A-2,,,,,,,,,,,,,
tomo1244-3-0026,tomo1244-3,(his) tongue,tomlon,,/tom lo-n/ 'tongue POSS-3SG',Ross1980,A-2,,,,,,,,,,,,,
tomo1244-3-0027,tomo1244-3,(his) tooth,kaniou,,/ka-nio/ 'CLASS-tooth',Ross1980,A-2,,,,,,,,,,,,,
tomo1244-3-0028,tomo1244-3,(his) neck (exterior),delkuan,,/delkua-n/ 'neck-3SG',Ross1980,A-2,,,,,,,,,,,,,
tomo1244-3-0029,tomo1244-3,(his) hand,lalman,,/lalma-n/ 'hand-3SG',Ross1980,A-2,,,,,,,,,,,,,
tomo1244-3-0030,tomo1244-3,(her) breast (of woman),eti no nolo,,/e=ti no nolo/ 'PL=breast POSS.GEN woman',Ross1980,A-3,,,,,,,,,,,,,
tomo1244-3-0031,tomo1244-3,(his) belly (exterior),buhelon,,/buhe lo-n/ 'belly POSS-3SG',Ross1980,A-3,,,,,,,,,,,,,
tomo1244-3-0032,tomo1244-3,(his) leg,kian,,/kia-n/ 'leg-3SG'; cf. Ross (1988: 281): <ki(a)> 'leg' (< PNI *kake- < POC *qaqe),Ross1980,A-3,,,,,,,,,,,,,
tomo1244-3-0033,tomo1244-3,(his) knee,lakilian,,/lakilia-n/ 'knee-3SG',Ross1980,A-3,,,,,,,,,,,,,
tomo1244-3-0034,tomo1244-3,(his) skin,pelton,,/pel to-n/ 'skin POSS-3SG',Ross1980,A-3,,,,,,,,,,,,,
tomo1244-3-0035,tomo1244-3,(his) blood,motom lon,,/motom lo-n/ 'blood POSS-3SG',Ross1980,A-3,,,,,,,,,,,,,
tomo1244-3-0036,tomo1244-3,(his) fat (on a person),hediu lo nobung,hediu lo,/hediu lo nobuŋ/ 'fat? POSS man',Ross1980,A-3,,,,,,,,,,,,,
tomo1244-3-0037,tomo1244-3,(his) bone,eptolon,,/e=pto lo-n/ 'PL=bone POSS-3SG',Ross1980,A-3,,,,,,,,,,,,,
tomo1244-3-0038,tomo1244-3,(his) heart (= hat = kudouna),mona lon,mana lon,/mana lo-n/ 'knowledge POSS-3SG',Ross1980,A-3,,,,,,,,,,,,,
tomo1244-3-0039,tomo1244-3,(his) liver (= lewa = asena),neber lon,,/ne=ber lo-n/ '3SG=lung POSS-3SG',Ross1980,A-3,,,,,,,,,,,,,
tomo1244-3-0040,tomo1244-3,sun,bungo ha,,/buŋ-ha/ 'CLASS-sun' (?),Ross1980,A-3,,,,,,,,,,,,,
tomo1244-3-0041,tomo1244-3,moon,nekang,,/ne=kaŋ/ 'SG=moon',Ross1980,A-3,,,,,,,,,,,,,
tomo1244-3-0042,tomo1244-3,star,ngotu,,/ŋotu/ 'star' (?),Ross1980,A-3,,,,,,,,,,,,,
tomo1244-3-0043,tomo1244-3,cloud,gomil,,cf. /burmil/ 'smoke',Ross1980,A-3,,,,,,,,,,,,,
tomo1244-3-0044,tomo1244-3,rain (noun),ner,,,Ross1980,A-3,,,,,,,,,,,,,
tomo1244-3-0045,tomo1244-3,night,mmbeng,mbeng,/m=beŋ/ 'SG=night'; cf. Ross (1988: 287): <lo mbeŋ> 'in the night',Ross1980,A-3,,,,,,,,,,,,,
tomo1244-3-0046,tomo1244-3,water,nuye,,/nuʝe/ 'water',Ross1980,A-4,,,,,,,,,,,,,
tomo1244-3-0047,tomo1244-3,full (e.g. of water),lo,,,Ross1980,A-4,,,,,,,,,,,,,
tomo1244-3-0048,tomo1244-3,earth (= ground),nndan,,/ndan/ 'earth' (?),Ross1980,A-4,,,,,,,,,,,,,
tomo1244-3-0049,tomo1244-3,stone,mmper,,/m=mper/ 'SG=stone',Ross1980,A-4,,,,,,,,,,,,,
tomo1244-3-0050,tomo1244-3,sand,ngkin,,/ŋ=kin/ 'SG=sand',Ross1980,A-4,,,,,,,,,,,,,
tomo1244-3-0051,tomo1244-3,mountain,manir,,,Ross1980,A-4,,,,,,,,,,,,,
tomo1244-3-0052,tomo1244-3,fire,niu,,/n=ʝu/ 'SG=fire',Ross1980,A-4,,,,,,,,,,,,,
tomo1244-3-0053,tomo1244-3,(fire ) burns,(niu) tin,,/t[i]=in/ '3SG.REAL=eat/burn',Ross1980,A-4,,,,,,,,,,,,,
tomo1244-3-0054,tomo1244-3,ashes (grey wood),ngho,ŋho,/ŋ=ho/ 'SG=ashes',Ross1980,A-4,,,,,,,,,,,,,
tomo1244-3-0055,tomo1244-3,smoke (noun),burmil,,cf. /gomil/ 'cloud',Ross1980,A-4,,,,,,,,,,,,,
tomo1244-3-0056,tomo1244-3,path,nnsal,,/n=sal/ '3SG=path',Ross1980,A-4,,,,,,,,,,,,,
tomo1244-3-0057,tomo1244-3,tree,u-e,,/uβe/ 'tree' (?); cf. Ross (1988: 281): <ue> 'tree' (< PNI *Yai < POC *kayu),Ross1980,A-4,,,,,,,,,,,,,
tomo1244-3-0058,tomo1244-3,leaf (of tree),ero lou u-e,,/e=ro lo uβe/ 'PL=leaf POSS tree',Ross1980,A-4,,,,,,,,,,,,,
tomo1244-3-0059,tomo1244-3,root (of tree),e buol he,,/e=buol he/ 'PL=root stick',Ross1980,A-4,,,,,,,,,,,,,
tomo1244-3-0060,tomo1244-3,seed,kuren,,/kure-n/ 'seed=3SG',Ross1980,A-4,,,,,,,,,,,,,
tomo1244-3-0061,tomo1244-3,dog,nepap,,"/ne=pap/ 'SG=dog'; cf. Ross (1988: 293): <ne-pap> 'a dog', <ro-pap> 'the (two) dogs', <e-pap> 'the dogs'; cf. Ross (1988: 296): <ne-pap> 'a/the dog', <e-pap> 'some/the dogs'",Ross1980,A-4,,,,,,,,,,,,,
tomo1244-3-0062,tomo1244-3,tail (of dog),piuk ke nepap,,/piuk ke ne=pap/ 'tail POSS? SG=dog',Ross1980,A-4,,,,,,,,,,,,,
tomo1244-3-0063,tomo1244-3,(dog) bites,mengpap,,/me ha pap/ (?) 'HAB bite dog' (?),Ross1980,A-4,,,,,,,,,,,,,
tomo1244-3-0064,tomo1244-3,bird,mmen,,/m=men/ 'SG=bird',Ross1980,A-4,,,,,,,,,,,,,
tomo1244-3-0065,tomo1244-3,feather,homen,,cf. /men/ 'bird',Ross1980,A-4,,,,,,,,,,,,,
tomo1244-3-0066,tomo1244-3,egg,hotel,,cf. Ross (1988: 281): <hotel> 'egg' (< PNI *katolu- < POC *qatoluʀ),Ross1980,A-5,,,,,,,,,,,,,
tomo1244-3-0067,tomo1244-3,(bird) flies,mmen tir be,,/m=men ti=rbe/ 'SG=bird 3SG.REAL=fly',Ross1980,A-5,,,,,,,,,,,,,
tomo1244-3-0068,tomo1244-3,fish,mmpe,,/m=pe/ 'SG=fish',Ross1980,A-5,,,,,,,,,,,,,
tomo1244-3-0069,tomo1244-3,louse,ekur,,/e=kur/ 'PL=louse',Ross1980,A-5,,,,,,,,,,,,,
tomo1244-3-0070,tomo1244-3,pig,mbuo,,/m-buo/ 'SG=pig'; cf. Ross (1988: 293): <m-buo> 'pig' (< POC *boʀok),Ross1980,A-5,,,,,,,,,,,,,
tomo1244-3-0071,tomo1244-3,meat,burho,,,Ross1980,A-5,,,,,,,,,,,,,
tomo1244-3-0072,tomo1244-3,big (pig),mbuo mepur,,/m=buo me-pur/ 'SG=pig ADJ-big',Ross1980,A-5,,,,,,,,,,,,,
tomo1244-3-0073,tomo1244-3,small (pig),mbuo anga meka kae,,"/m=buo aŋa me-kakae/ 'SG=pig that ADJ-small'; cf. Ross (1988: 292): <me-kakae> 'L-small' [i.e., 'ligature']",Ross1980,A-5,,,,,,,,,,,,,
tomo1244-3-0074,tomo1244-3,long,megeng,,/me=geŋ/ 'ADJ-long',Ross1980,A-5,,,,,,,,,,,,,
tomo1244-3-0075,tomo1244-3,round (tree trunk),,,,Ross1980,A-5,,,,,,,,,,,,,
tomo1244-3-0076,tomo1244-3,new (house),bale nga kolonga,,/bale ŋa koloŋa/ 'house that new',Ross1980,A-5,,,,,,,,,,,,,
tomo1244-3-0077,tomo1244-3,good (house),bale nga mepka,,/bale ŋa me-pka/ 'house that ADJ-good',Ross1980,A-5,,,,,,,,,,,,,
tomo1244-3-0078,tomo1244-3,(he is) cold,i ti guluang,,/i ti=guluaŋ/ '3SG 3SG.REAL=cold',Ross1980,A-5,,,,,,,,,,,,,
tomo1244-3-0079,tomo1244-3,(he is) hot,i ti tenten,,/i ti=tenten/ '3SG 3SG.REAL=hot'; reduplication,Ross1980,A-5,,,,,,,,,,,,,
tomo1244-3-0080,tomo1244-3,black,me totong,,/me-totoŋ/ 'ADJ-black',Ross1980,A-5,,,,,,,,,,,,,
tomo1244-3-0081,tomo1244-3,red,memia,,/me-mia/ 'ADJ-red',Ross1980,A-5,,,,,,,,,,,,,
tomo1244-3-0082,tomo1244-3,white,me bir,,/me-bir/ 'ADJ-white',Ross1980,A-5,,,,,,,,,,,,,
tomo1244-3-0083,tomo1244-3,yellow,me le liang,,/me-lailieŋ/ 'ADJ-yellow',Ross1980,A-5,,,,,,,,,,,,,
tomo1244-3-0084,tomo1244-3,(he) eats,i me in han,,"/i me=in ha-n/ '3SG HAB=eat POSS.ED-3SG'; cf. Ross (1988: 281): <han> 'eat'; cf. Osmond & Ross (2016b: 227): <han> 'eat' (< POc *kani[-] (VT) 'eat (s.t. starchy), eat (in general)'; (this, however, is probably the edible possessive classifier /ha-/ with 3SG marking /-n/)",Ross1980,A-5,,,,,,,,,,,,,
tomo1244-3-0085,tomo1244-3,(he) drinks,i me-unun,,/i me=unun/ '3SG HAB=drink',Ross1980,A-6,,,,,,,,,,,,,
tomo1244-3-0086,tomo1244-3,(he) is sitting,i anga dun,,/i aŋa dun/ '3SG there? sit' (?),Ross1980,A-6,,,,,,,,,,,,,
tomo1244-3-0087,tomo1244-3,"(position, not movement)",mekir kir,,/me-kir~kir/ 'ADJ-?~?' (?),Ross1980,A-6,,,,,,,,,,,,,
tomo1244-3-0088,tomo1244-3,"(he) is standing (position, note movement)",i anga deltu,,/i aŋa deltu/ '3SG there? stand' (?),Ross1980,A-6,,,,,,,,,,,,,
tomo1244-3-0089,tomo1244-3,(he) lives (awake),i megua marmar,,/i me=goa mar~mar/ '3SG HAB=stay grow~grow' (?); reduplication,Ross1980,A-6,,,,,,,,,,,,,
tomo1244-3-0090,tomo1244-3,"(position, not movement)",,,,Ross1980,A-6,,,,,,,,,,,,,
tomo1244-3-0091,tomo1244-3,(he) sleeps,i meler,,/i me=ler/ '3SG HAB=sleep',Ross1980,A-6,,,,,,,,,,,,,
tomo1244-3-0092,tomo1244-3,(he) speaks,i meutor,,/i me=utor/ '3SG HAB=speak',Ross1980,A-6,,,,,,,,,,,,,
tomo1244-3-0093,tomo1244-3,(he) cries,i merpek,,/i me=rpek/ '3SG HAB=cry',Ross1980,A-6,,,,,,,,,,,,,
tomo1244-3-0094,tomo1244-3,(he) sees,i meua,,/i me=ua/ '3SG HAB=?' (?),Ross1980,A-6,,,,,,,,,,,,,
tomo1244-3-0095,tomo1244-3,(he) hears,i melong,,/i me=loŋ/ '3SG HAB=hear'; cf. /loŋe/ 'smell',Ross1980,A-6,,,,,,,,,,,,,
tomo1244-3-0096,tomo1244-3,"(he) knows (a fact,","i rungomtan toro puke kiling,",,/i ro=ŋom ta-n toro puk e kiliŋ/ '3SG DU=eye POSS-3SG 3du POSS true' (?),Ross1980,A-6,,,,,,,,,,,,,
tomo1244-3-0097,tomo1244-3,not a person),siam ka nobung,,/siam ka nobuŋ/ 'no neg man',Ross1980,A-6,,,,,,,,,,,,,
tomo1244-3-0098,tomo1244-3,(he) walks,i me radel,,/i me=radel/ '3SG HAB=walk',Ross1980,A-6,,,,,,,,,,,,,
tomo1244-3-0099,tomo1244-3,(he) goes,i pu,,/i pu/ '3SG go',Ross1980,A-6,,,,,,,,,,,,,
tomo1244-3-0100,tomo1244-3,(he) comes,i mentanum,,/i me=n-tanum/ '3SG HAB=go-hither',Ross1980,A-6,,,,,,,,,,,,,
tomo1244-3-0101,tomo1244-3,(he) swims,i me ha ha,,/i me=haha/ '3SG HAB=swim'; reduplication,Ross1980,A-6,,,,,,,,,,,,,
tomo1244-3-0102,tomo1244-3,(he) kills (a pig),i him mbuo,,/i him m=bua/ '3SG kill SG=pig',Ross1980,A-6,,,,,,,,,,,,,
tomo1244-3-0103,tomo1244-3,(he) dies,i mer,,/i mer/ '3SG die',Ross1980,A-6,,,,,,,,,,,,,
tomo1244-3-0104,tomo1244-3,(he) gives (me),,,,Ross1980,A-7,,,,,,,,,,,,,
tomo1244-3-0105,tomo1244-3,(his) name,saen,,/sae-n/ 'name-3SG',Ross1980,A-7,,,,,,,,,,,,,
tomo1244-3-0106,tomo1244-3,no (answer to question),,,,Ross1980,A-7,,,,,,,,,,,,,
tomo1244-3-0107,tomo1244-3,who?,,,,Ross1980,A-7,,,,,,,,,,,,,
tomo1244-3-0108,tomo1244-3,what?,,,,Ross1980,A-7,,,,,,,,,,,,,
tomo1244-3-0109,tomo1244-3,this (house here),,,"cf. Ross (1988: 292): <aŋa> 'DEM', in <n-uaŋ aŋa me-kekae> 'this small canoe'; proximal or distal demonstrative (?)",Ross1980,A-7,,,,,,,,,,,,,
tomo1244-3-0110,tomo1244-3,that (house nearly),,,,Ross1980,A-7,,,,,,,,,,,,,
tomo1244-3-0111,tomo1244-3,that (house far away),,,,Ross1980,A-7,,,,,,,,,,,,,
tomo1244-3-0112,tomo1244-3,one,,,,Ross1980,A-7,,,,,,,,,,,,,
tomo1244-3-0113,tomo1244-3,two,,,,Ross1980,A-7,,,,,,,,,,,,,
tomo1244-3-0114,tomo1244-3,three,,,,Ross1980,A-7,,,,,,,,,,,,,
tomo1244-3-0115,tomo1244-3,four,,,,Ross1980,A-7,,,,,,,,,,,,,
tomo1244-3-0116,tomo1244-3,five,,,,Ross1980,A-7,,,,,,,,,,,,,
tomo1244-3-0117,tomo1244-3,(her) husband,lami huan,,/lami hoa-n/ 'man affine?-3SG',Ross1980,B-1,,,,,,,,,,,,,
tomo1244-3-0118,tomo1244-3,(his) wife,pulo huan,,/pulo hoa-n/ 'woman affine?-3SG',Ross1980,B-1,,,,,,,,,,,,,
tomo1244-3-0119,tomo1244-3,(his) older brother,diek atomure,,/die-k/ 'brother-3SG'; /tomu/ 'old/before' (?),Ross1980,B-1,,,,,,,,,,,,,
tomo1244-3-0120,tomo1244-3,(his) younger brother,diek a ka puru,,/die-k/ 'brother-3SG'; /ka/ 'neg'; /pur/ 'big' (?),Ross1980,B-1,,,,,,,,,,,,,
tomo1244-3-0121,tomo1244-3,(his) older sister,devin atomure,,/deβi-n/ 'sister-3SG'; /tomu/ 'old/before' (?),Ross1980,B-1,,,,,,,,,,,,,
tomo1244-3-0122,tomo1244-3,(his) younger sister,devin a ka puru,,/deβi-n/ 'sister-3SG'; /ka/ 'neg'; /pur/ 'big' (?),Ross1980,B-1,,,,,,,,,,,,,
tomo1244-3-0123,tomo1244-3,"(her) clothing (woman's, e.g. pulpul/rami)",ero no holo non ato ki i,,/e=ro no holo no-n ato ki i/ 'PL=leaf POSS woman.PL POSS.GEN-3SG ato? ki? i?',Ross1980,B-1,,,,,,,,,,,,,
tomo1244-3-0124,tomo1244-3,(his) forehead,delalemtan,,/dela lem ta-n/ 'mouth forehead POSS-3SG' (?),Ross1980,B-1,,,,,,,,,,,,,
tomo1244-3-0125,tomo1244-3,(his) spittle (= spet = kanudi),,,,Ross1980,B-1,,,,,,,,,,,,,
tomo1244-3-0126,tomo1244-3,(his) snot (= kus bilong nus),ne kar kuan anon,,/ne=karkuan ano-n/ 'SG=cough POSS.GEN-3SG',Ross1980,B-1,,,,,,,,,,,,,
tomo1244-3-0127,tomo1244-3,(his) back (= baksait = doruna),de la toron,,(?),Ross1980,B-1,,,,,,,,,,,,,
tomo1244-3-0128,tomo1244-3,(his) intestines (= rop bilong bel = bogarau),e kaidilon,,/e=kaedi lo-n/ 'PL=liver POSS-3SG',Ross1980,B-1,,,,,,,,,,,,,
tomo1244-3-0129,tomo1244-3,(his) foot,kian,,/kia-n/ 'leg-3SG',Ross1980,B-2,,,,,,,,,,,,,
tomo1244-3-0130,tomo1244-3,left (hand),guan anga miromi,,/gua-n aŋa miromi/ 'hand-3SG that left',Ross1980,B-2,,,,,,,,,,,,,
tomo1244-3-0131,tomo1244-3,right (hand),guan anga mirote,,/gua-n aŋa mirote/ 'hand-3SG that right',Ross1980,B-2,,,,,,,,,,,,,
tomo1244-3-0132,tomo1244-3,fog,,,,Ross1980,B-2,,,,,,,,,,,,,
tomo1244-3-0133,tomo1244-3,sky,hiam,,,Ross1980,B-2,,,,,,,,,,,,,
tomo1244-3-0134,tomo1244-3,wind,iluk,,,Ross1980,B-2,,,,,,,,,,,,,
tomo1244-3-0135,tomo1244-3,wind (blows),i luk li,li,/iluk li/ 'wind blow' (?),Ross1980,B-2,,,,,,,,,,,,,
tomo1244-3-0136,tomo1244-3,day (not night),ngha,ŋha,/ŋ=ha/ 'SG=sun',Ross1980,B-2,,,,,,,,,,,,,
tomo1244-3-0137,tomo1244-3,year,hona,,,Ross1980,B-2,,,,,,,,,,,,,
tomo1244-3-0138,tomo1244-3,grass (= gras = rei),edel,,/e=del/ 'PL=grass',Ross1980,B-2,,,,,,,,,,,,,
tomo1244-3-0139,tomo1244-3,kunai (= kurukuru),e mali,,/e=mali/ 'PL=sword.grass',Ross1980,B-2,,,,,,,,,,,,,
tomo1244-3-0140,tomo1244-3,forest,karing,,/kariŋ/ 'forest',Ross1980,B-2,,,,,,,,,,,,,
tomo1244-3-0141,tomo1244-3,dust,kamho,,,Ross1980,B-2,,,,,,,,,,,,,
tomo1244-3-0142,tomo1244-3,river,nuie,,/nuʝe/ 'water',Ross1980,B-2,,,,,,,,,,,,,
tomo1244-3-0143,tomo1244-3,sea,nde,,/nde/ 'sea',Ross1980,B-2,,,,,,,,,,,,,
tomo1244-3-0144,tomo1244-3,string,kahua,,/ka-hoa/ 'CLASS-rope',Ross1980,B-2,,,,,,,,,,,,,
tomo1244-3-0145,tomo1244-3,(a) stick,ka he,,/ka-he/ 'CLASS-stick',Ross1980,B-2,,,,,,,,,,,,,
tomo1244-3-0146,tomo1244-3,bark (of tree),pla he,,/pla he/ 'skin stick',Ross1980,B-2,,,,,,,,,,,,,
tomo1244-3-0147,tomo1244-3,flower,tete,,reduplication,Ross1980,B-2,,,,,,,,,,,,,
tomo1244-3-0148,tomo1244-3,wing (bird),kube lo (men),,/kube lo men/ 'wing POSS bird',Ross1980,B-2,,,,,,,,,,,,,
tomo1244-3-0149,tomo1244-3,(native) salt,,,,Ross1980,B-3,,,,,,,,,,,,,
tomo1244-3-0150,tomo1244-3,snake,negelem,,/ne=gelem/ 'SG=snake',Ross1980,B-3,,,,,,,,,,,,,
tomo1244-3-0151,tomo1244-3,bad (= not good),meblik (kamep ka),,/me-blik/ 'ADJ-bad'; /ka me-pka/ 'neg ADJ-good',Ross1980,B-3,,,,,,,,,,,,,
tomo1244-3-0152,tomo1244-3,dirty,me vine ne so,,cf. 'old (house)',Ross1980,B-3,,,,,,,,,,,,,
tomo1244-3-0153,tomo1244-3,wet (clothes),(epinghe) memuk,,/e=piŋhe/ 'PL=cloth'; /me-muk/ 'ADJ-wet',Ross1980,B-3,,,,,,,,,,,,,
tomo1244-3-0154,tomo1244-3,dry (clothes),(epinghe) memuo,,/e=piŋhe/ 'PL=cloth'; /me-muo/ 'ADJ-dry',Ross1980,B-3,,,,,,,,,,,,,
tomo1244-3-0155,tomo1244-3,short (= not long),komkom (= ka megeng),,/komkom/ 'short' (reduplication); /ka me-geŋ/ 'neg ADJ-long',Ross1980,B-3,,,,,,,,,,,,,
tomo1244-3-0156,tomo1244-3,old (house),(bale) mevin neso,,cf. 'dirty',Ross1980,B-3,,,,,,,,,,,,,
tomo1244-3-0157,tomo1244-3,narrow (path),ka sal,,/ka-sal/ 'CLASS-path',Ross1980,B-3,,,,,,,,,,,,,
tomo1244-3-0158,tomo1244-3,wide (path),nsal anga mepur,,/n=sal aŋa me-pur/ 'SG=path that ADJ-big',Ross1980,B-3,,,,,,,,,,,,,
tomo1244-3-0159,tomo1244-3,straight (path),nsal meya no nang,,/n=sal/ 'SG=path'; the rest is uncelar,Ross1980,B-3,,,,,,,,,,,,,
tomo1244-3-0160,tomo1244-3,sharp (knife),viso mein,,/βiso me-in/ 'knife ADJ-sharp'; cf. /in/ 'eat',Ross1980,B-3,,,,,,,,,,,,,
tomo1244-3-0161,tomo1244-3,smooth (stone),imper amerierlesa,,/m=per/ 'SG=stone'; the rest is unclear,Ross1980,B-3,,,,,,,,,,,,,
tomo1244-3-0162,tomo1244-3,other,asi,,,Ross1980,B-3,,,,,,,,,,,,,
tomo1244-3-0163,tomo1244-3,living (pig) (i.e. not dead),mbuo va ne ban (ka made),,"/m=buo βa-ne=ban/ 'SG=pig CAUS-SG=light' (?); or, simPLy, /βaneban/ 'to be alive' (?); /ka made/ 'neg die'",Ross1980,B-3,,,,,,,,,,,,,
tomo1244-3-0164,tomo1244-3,green,mole,,,Ross1980,B-3,,,,,,,,,,,,,
tomo1244-3-0165,tomo1244-3,(he) breathes,(i) kil iluk,,/i kil iluk/ '3SG pull wind',Ross1980,B-3,,,,,,,,,,,,,
tomo1244-3-0166,tomo1244-3,(he) smells (something),(i) longe (menene),loŋe,/i loŋe menene/ '3SG smell something?' (?); cf /loŋ/ 'hear',Ross1980,B-3,,,,,,,,,,,,,
tomo1244-3-0167,tomo1244-3,(he) laughs,(i) me nging,,/i me=ŋiŋ/ '3SG HAB=laugh',Ross1980,B-3,,,,,,,,,,,,,
tomo1244-3-0168,tomo1244-3,(he) vomits,(i) boro,,/i boro/ '3SG vomit',Ross1980,B-4,,,,,,,,,,,,,
tomo1244-3-0169,tomo1244-3,(skin) swells,(pelton) lang,,/pel to-n laŋ/ 'skin POSS-3SG swell',Ross1980,B-4,,,,,,,,,,,,,
tomo1244-3-0170,tomo1244-3,scratches (skin),karing (pelton),,/kariŋ pel to-n/ 'scratch skin POSS-3SG',Ross1980,B-4,,,,,,,,,,,,,
tomo1244-3-0171,tomo1244-3,(baby) sucks,(kotik) titi,,/kotik ti~ti/ 'child breast~breast'; reduplication,Ross1980,B-4,,,,,,,,,,,,,
tomo1244-3-0172,tomo1244-3,(he) hunts (birds),(i) radel le (men),,/i radel le men/ '3SG walk le? bird' (?),Ross1980,B-4,,,,,,,,,,,,,
tomo1244-3-0173,tomo1244-3,(he) shoots (arrows),(i) me kon (hodie),,/i me=kon hodie/ '3SG HAB=shot spear.PL',Ross1980,B-4,,,,,,,,,,,,,
tomo1244-3-0174,tomo1244-3,(he) throws (stones),(i) me robel (eper),,/i me=robel e=per/ '3SG HAB=throw PL=stone',Ross1980,B-4,,,,,,,,,,,,,
tomo1244-3-0175,tomo1244-3,(he) stabs,,,,Ross1980,B-4,,,,,,,,,,,,,
tomo1244-3-0176,tomo1244-3,(he) fights,(i) mer viou,,/i me=rβio/ '3SG HAB=fight',Ross1980,B-4,,,,,,,,,,,,,
tomo1244-3-0177,tomo1244-3,(he) hits (with hand),(i) me lap (va guan),,/i me=lap βa gua-n/ '3SG HAB=hit with hand-3SG',Ross1980,B-4,,,,,,,,,,,,,
tomo1244-3-0178,tomo1244-3,(he) cuts (a pig),(i) me sing (mbuo),,/i me=siŋ m=buo/ '3SG HAB=cut SG=pig',Ross1980,B-4,,,,,,,,,,,,,
tomo1244-3-0179,tomo1244-3,(he) splits (wood along grain),i me sing e he amoi tum tambaden,,/i me=siŋ e=he amoi tum tambaden/ '3SG HAB=cut PL=stick amoi? tum? downwards',Ross1980,B-4,,,,,,,,,,,,,
tomo1244-3-0180,tomo1244-3,class,(i) melil tongatonga re mo va,,/i me=lil toŋa~toŋa/ '3SG HAB=dig thence~thence' (reduplication) (?); the rest is unclear,Ross1980,B-4,,,,,,,,,,,,,
tomo1244-3-0181,tomo1244-3,(he) works,(i) me ro,,/i me=ro/ '3SG HAB=work',Ross1980,B-4,,,,,,,,,,,,,
tomo1244-3-0182,tomo1244-3,(he) ties (a knot),(i) me rar (bungotunil),,/i me=rar buŋ[o]-tunil/ '3SG HAB=tie CLASS?-hook?' (?),Ross1980,B-4,,,,,,,,,,,,,
tomo1244-3-0183,tomo1244-3,(he) squeezes (grated coconut),(i) me rang elme,,"/i me=raŋ e=lme/ '3SG HAB=squeeze PL=coconut'; cf. Ross (1988: 298): <buŋ-lme> 'a/the coconut', <la-lme> 'a piece of coconut', <ka-lme> 'a coconut palm'",Ross1980,B-4,,,,,,,,,,,,,
tomo1244-3-0184,tomo1244-3,(he) holds (in hand),(i) me lung (va guan),,/i me=luŋ βa gua-n/ '3SG HAB=hold with hand-3SG',Ross1980,B-5,,,,,,,,,,,,,
tomo1244-3-0185,tomo1244-3,(she) sews,(koten) song,,/koten soŋ/ 'female? sew' (?),Ross1980,B-5,,,,,,,,,,,,,
tomo1244-3-0186,tomo1244-3,(she) washes (a child),(koten) me vauri (kotik),,/koten me=βa-uri kotik/ 'female HAB=CAUS-bathe child' (?),Ross1980,B-5,,,,,,,,,,,,,
tomo1244-3-0187,tomo1244-3,(a child) plays,kotik me vanging,,/kotik me=βa-ŋiŋ/ 'child HAB=CAUS-laugh',Ross1980,B-5,,,,,,,,,,,,,
tomo1244-3-0188,tomo1244-3,(a child) fears (a man),kotik me kuam (no bung),,/kotek me=kuam nobuŋ/ 'child HAB=fear man',Ross1980,B-5,,,,,,,,,,,,,
tomo1244-3-0189,tomo1244-3,(he) counts,(i) me vaho,,/i me=βaho/ '3SG HAB=count',Ross1980,B-5,,,,,,,,,,,,,
tomo1244-3-0190,tomo1244-3,(he) turns (himself round),(i) me mungsie (likere),,/i me=muŋ-sie likere/ '3SG HAB=turn-TR likere?' (?),Ross1980,B-5,,,,,,,,,,,,,
tomo1244-3-0191,tomo1244-3,(he) dances,(i) me rie,,/i me=rie/ '3SG HAB=dance',Ross1980,B-5,,,,,,,,,,,,,
tomo1244-3-0192,tomo1244-3,(he) lives (in this village),(i) me gua u lo vatono ani,,/i me=goa u lo βatono ani/ '3SG HAB=stay at? PREP village this' (?),Ross1980,B-5,,,,,,,,,,,,,
tomo1244-3-0193,tomo1244-3,(the fruit) falls (from the tree ),bunghe me tur to louwe,tur to louʷe,/buŋ-he me=tur to lo uβe/ 'CLASS-stick HAB=fall PREP? PREP? tree' (?),Ross1980,B-5,,,,,,,,,,,,,
tomo1244-3-0194,tomo1244-3,six,liem denan mo denan,,/liem denan mo denan/ 'five one and one',Ross1980,B-5,,,,,,,,,,,,,
tomo1244-3-0195,tomo1244-3,nine,liem denan mo horo mo horo,,/liem denan mo horo mo horo/ 'five one and two and two',Ross1980,B-5,,,,,,,,,,,,,
tomo1244-3-0196,tomo1244-3,ten,roliem kere,,/ro=liem kere/ 'DU=five all',Ross1980,B-5,,,,,,,,,,,,,
tomo1244-3-0197,tomo1244-3,(his) child,nal pun,,/n=/ 'SG' (?); /-n/ '3SG' (?),Ross1980,C-1,,,,,,,,,,,,,
tomo1244-3-0198,tomo1244-3,(his) grandparent (= tumbuna),e tubun,,/e=tubu-n/ 'PL=grandparent-3SG'; loan from Tok Pisin /tumbuna/ 'grandparent' (?),Ross1980,C-1,,,,,,,,,,,,,
tomo1244-3-0199,tomo1244-3,(his) brain,ne her lon,,/ne=hir? lo-n/ 'SG=brain POSS-3SG',Ross1980,C-1,,,,,,,,,,,,,
tomo1244-3-0200,tomo1244-3,(his) skull,,,,Ross1980,C-1,,,,,,,,,,,,,
tomo1244-3-0201,tomo1244-3,(his) jawbone,menhe de lien,,/menhe deli e-n/ 'protrusion mouth POSS-3SG' (?),Ross1980,C-1,,,,,,,,,,,,,
tomo1244-3-0202,tomo1244-3,(his) chin,del kaon,,/del kao-n/ 'mouth chin-3SG' (?),Ross1980,C-1,,,,,,,,,,,,,
tomo1244-3-0203,tomo1244-3,(his) throat (outerior),ndel kuan,,/delkua-n/ 'neck-3SG',Ross1980,C-1,,,,,,,,,,,,,
tomo1244-3-0204,tomo1244-3,(his) chest (of man),tabalon,,/taba lo-n/ 'chest POSS-3SG',Ross1980,C-1,,,,,,,,,,,,,
tomo1244-3-0205,tomo1244-3,(his) arm,guan,lalman,/gua-n/ 'hand-3SG'; /lalma-n/ 'hand-3SG',Ross1980,C-1,,,,,,,,,,,,,
tomo1244-3-0206,tomo1244-3,(his) elbow,,,,Ross1980,C-1,,,,,,,,,,,,,
tomo1244-3-0207,tomo1244-3,(his) finger,e bungkuguan,,/e=buŋ=kuk-gua-n/ 'PL=CLASS-finger-hand-3SG' (?),Ross1980,C-1,,,,,,,,,,,,,
tomo1244-3-0208,tomo1244-3,(his) finger nail,e plakuguan,,/e=pla=kuk-gua-n/ 'PL=finger-nail-hand-3SG' (?),Ross1980,C-1,,,,,,,,,,,,,
tomo1244-3-0209,tomo1244-3,(his) thumb,bungkuguan a mepur,,/e=buŋ=kuk-gua-n a me-pur/ 'PL=CLASS-finger-hand-3SG a? ADJ-big' (?),Ross1980,C-1,,,,,,,,,,,,,
tomo1244-3-0210,tomo1244-3,(his) rib,e vari lon,loue,/e=βari lo-n/ 'PL=rib POSS-3SG',Ross1980,C-1,,,,,,,,,,,,,
tomo1244-3-0211,tomo1244-3,(his) navel,muop,,,Ross1980,C-2,,,,,,,,,,,,,
tomo1244-3-0212,tomo1244-3,(his) thigh,buldi,,/bulti/ (?),Ross1980,C-2,,,,,,,,,,,,,
tomo1244-3-0213,tomo1244-3,(his) buttocks (= as = kununa),no bien,,/nobi e-n/ 'buttocks POSS-3SG' (?),Ross1980,C-2,,,,,,,,,,,,,
tomo1244-3-0214,tomo1244-3,(his) excrement (pekpek=kukuri),e tek (ke bien),,"/e=tek/ 'PL=excrement'; /kebi e-n/ 'intestines POSS-3SG'; cf. Osmund & Ross (2016a: 230: <tek> 'excrement' (< PMM *tak(e,i) 'excrement')",Ross1980,C-2,,,,,,,,,,,,,
tomo1244-3-0215,tomo1244-3,(his) vein,e hem lon,,/e=hem lo-n/ 'PL=vein POSS-3SG',Ross1980,C-2,,,,,,,,,,,,,
tomo1244-3-0216,tomo1244-3,island,,,,Ross1980,C-2,,,,,,,,,,,,,
tomo1244-3-0217,tomo1244-3,lagoon,anga man de,,/aŋa ma nde/ 'there ? sea' (?),Ross1980,C-2,,,,,,,,,,,,,
tomo1244-3-0218,tomo1244-3,north wind (= bunim),,,,Ross1980,C-2,,,,,,,,,,,,,
tomo1244-3-0219,tomo1244-3,north-west monsoon (taleo = lahara),,,,Ross1980,C-2,,,,,,,,,,,,,
tomo1244-3-0220,tomo1244-3,south-east monsoon (= rai = laurabada),,,,Ross1980,C-2,,,,,,,,,,,,,
tomo1244-3-0221,tomo1244-3,calm,nde ler,,/nde ler/ 'sea sleep',Ross1980,C-2,,,,,,,,,,,,,
tomo1244-3-0222,tomo1244-3,leeward side,,,,Ross1980,C-2,,,,,,,,,,,,,
tomo1244-3-0223,tomo1244-3,thunder,ner lap,nerlap,"/ner lap/ 'rain hit' (?); cf. Ross (2007: 150): <lap> 'thunder' (<POc *lap(ʷ)a(r,R) 'lightning, phosphorescence')",Ross1980,C-2,,,,,,,,,,,,,
tomo1244-3-0224,tomo1244-3,lightning,ner timsing,,/ner ti=m-siŋ/ 'rain 3SG.REAL=stat?-cut' (?),Ross1980,C-2,,,,,,,,,,,,,
tomo1244-3-0225,tomo1244-3,village,uatono,vatono,/βatono/,Ross1980,C-2,,,,,,,,,,,,,
tomo1244-3-0226,tomo1244-3,house,bale,,cf. Ross (1988: 287): <lo bale> 'in the house',Ross1980,C-2,,,,,,,,,,,,,
tomo1244-3-0227,tomo1244-3,garden,lero,,,Ross1980,C-3,,,,,,,,,,,,,
tomo1244-3-0228,tomo1244-3,fence,ngka,,/ŋ=ka/ 'SG=fence',Ross1980,C-3,,,,,,,,,,,,,
tomo1244-3-0229,tomo1244-3,netbag (= bilum),ngol,ŋgol,/ŋgol/ 'string bag',Ross1980,C-3,,,,,,,,,,,,,
tomo1244-3-0230,tomo1244-3,bow,,,,Ross1980,C-3,,,,,,,,,,,,,
tomo1244-3-0231,tomo1244-3,arrow,no die,,/nodie/ 'spear' (?),Ross1980,C-3,,,,,,,,,,,,,
tomo1244-3-0232,tomo1244-3,fish-spear,no die no mpe,,/nodie no m=pe/ 'spear POSS.GEN SG=fish',Ross1980,C-3,,,,,,,,,,,,,
tomo1244-3-0233,tomo1244-3,fish-hook,katunil,-il,/ka-tunil/ 'CLASS-hook',Ross1980,C-3,,,,,,,,,,,,,
tomo1244-3-0234,tomo1244-3,fish-net,pango ne pe,nepe,/paŋo ne=pe/ 'net SG=fish' (?),Ross1980,C-3,,,,,,,,,,,,,
tomo1244-3-0235,tomo1244-3,outrigger float,siaman haha,,/siaman haha/ 'outrigger swim/float'; loan from Tok Pisin /saman/ 'outrigger' (?),Ross1980,C-3,,,,,,,,,,,,,
tomo1244-3-0236,tomo1244-3,paddle,pul (NGP),,/pul/; loan from Tok Pisin /pul/ 'paddle',Ross1980,C-3,,,,,,,,,,,,,
tomo1244-3-0237,tomo1244-3,sail,,,,Ross1980,C-3,,,,,,,,,,,,,
tomo1244-3-0238,tomo1244-3,conch (= taur),ne kang,,/ne=kaŋ/ '3SG=conch',Ross1980,C-3,,,,,,,,,,,,,
tomo1244-3-0239,tomo1244-3,gill,padel ŋan,,cf. <padelngan> '(his) ear'; contains /del/ 'mouth' (?); contains /ŋa/ 'POSS' (?); contains /-n/ '3SG' (?),Ross1980,C-3,,,,,,,,,,,,,
tomo1244-3-0240,tomo1244-3,scale (= grile bilong pis = unana),e pelempe,,/e=pel e m=pe/ 'PL=skin POSS 3SG=fish' (?),Ross1980,C-3,,,,,,,,,,,,,
tomo1244-3-0241,tomo1244-3,eel (= maleo = minama),tabluk,,/tabluk/ 'cockroach' (?),Ross1980,C-3,,,,,,,,,,,,,
tomo1244-3-0242,tomo1244-3,octopus (= kurita),bung singi,,/buŋ-siŋi/ 'CLASS-octopus' (?),Ross1980,C-3,,,,,,,,,,,,,
tomo1244-3-0243,tomo1244-3,squid (= tauka),tauka,,loan from Tok Pisin /tauka/ 'squid' (?),Ross1980,C-4,,,,,,,,,,,,,
tomo1244-3-0244,tomo1244-3,shark,maŋgel,,cf. Osmond (2011: 31): <maŋ(gel)> 'shark' (< POc *maŋewa 'k.o. shark'),Ross1980,C-4,,,,,,,,,,,,,
tomo1244-3-0245,tomo1244-3,crocodile,roŋgomi,,(?),Ross1980,C-4,,,,,,,,,,,,,
tomo1244-3-0246,tomo1244-3,wallaby,muyek,,perhaps should be: /nuʝek/ (?),Ross1980,C-4,,,,,,,,,,,,,
tomo1244-3-0247,tomo1244-3,cassowary,lailieŋ,,,Ross1980,C-4,,,,,,,,,,,,,
tomo1244-3-0248,tomo1244-3,worm,murkun,,,Ross1980,C-4,,,,,,,,,,,,,
tomo1244-3-0249,tomo1244-3,butterfly,pamŋol pim,,variant of /paŋgolpip/ 'buttefly' (?),Ross1980,C-4,,,,,,,,,,,,,
tomo1244-3-0250,tomo1244-3,mosquito,karamua,,/ka-ramua/ 'CLASS-mosquito',Ross1980,C-4,,,,,,,,,,,,,
tomo1244-3-0251,tomo1244-3,cordyline (= tanget),,,,Ross1980,C-4,,,,,,,,,,,,,
tomo1244-3-0252,tomo1244-3,mangrove,,,,Ross1980,C-4,,,,,,,,,,,,,
tomo1244-3-0253,tomo1244-3,bamboo,nelku,,/ne=lku/ 'SG=bamboo' (?),Ross1980,C-4,,,,,,,,,,,,,
tomo1244-3-0254,tomo1244-3,betelnut (= bilinat = buatua),mbu,,"/m=bu/ 'SG=areca'; cf. Ross (1988: 293): <m-bu> 'areca nut' (< POC *buaq); cf. Ross (2008b: 392-393): <bu> 'Areca catechu' (< POc *buaq 'betelnut, areca nut, palm, Areca catechu' (Capell 1943: *pua(q)))",Ross1980,C-4,,,,,,,,,,,,,
tomo1244-3-0255,tomo1244-3,betel palm (= limbum),,,,Ross1980,C-4,,,,,,,,,,,,,
tomo1244-3-0256,tomo1244-3,betel pepper (= daka),eul,,/e=ul/ 'PL=betel.pepper',Ross1980,C-4,,,,,,,,,,,,,
tomo1244-3-0257,tomo1244-3,(betel) lime (= kambang = ahu),nobeŋ,,,Ross1980,C-4,,,,,,,,,,,,,
tomo1244-3-0258,tomo1244-3,betel chew (= buai),,,,Ross1980,C-4,,,,,,,,,,,,,
tomo1244-3-0259,tomo1244-3,pandanus fruit (= marita = katoro),kapara,,/ka-para/ 'CLASS-pandanus',Ross1980,C-5,,,,,,,,,,,,,
tomo1244-3-0260,tomo1244-3,pandanus tree (= karuka = geregere),,,,Ross1980,C-5,,,,,,,,,,,,,
tomo1244-3-0261,tomo1244-3,sago palm (= saksak = rabia),,,,Ross1980,C-5,,,,,,,,,,,,,
tomo1244-3-0262,tomo1244-3,sago pitch,,,,Ross1980,C-5,,,,,,,,,,,,,
tomo1244-3-0263,tomo1244-3,sago leaf (midrib) (= pangal),,,,Ross1980,C-5,,,,,,,,,,,,,
tomo1244-3-0264,tomo1244-3,sago pancakes (= praim = ataga),,,,Ross1980,C-5,,,,,,,,,,,,,
tomo1244-3-0265,tomo1244-3,sago puding (= hatwara = iara),,,,Ross1980,C-5,,,,,,,,,,,,,
tomo1244-3-0266,tomo1244-3,sweet potato (= kaukau = kaema),,,,Ross1980,C-5,,,,,,,,,,,,,
tomo1244-3-0267,tomo1244-3,sweet potato runners,,,,Ross1980,C-5,,,,,,,,,,,,,
tomo1244-3-0268,tomo1244-3,tapioca (= tapiok),,,,Ross1980,C-5,,,,,,,,,,,,,
tomo1244-3-0269,tomo1244-3,taro,muop,,,Ross1980,C-5,,,,,,,,,,,,,
tomo1244-3-0270,tomo1244-3,taro leaf,,,,Ross1980,C-5,,,,,,,,,,,,,
tomo1244-3-0271,tomo1244-3,yam (long) (= yam),hian,,,Ross1980,C-5,,,,,,,,,,,,,
tomo1244-3-0272,tomo1244-3,yam (short) (= mami),misa,,"cf. Ross (2008a: 263): <misa> 'lesser yam, Dioscorea esculenta' (< PWOc *kamisa 'lesser yam, Dioscorea esculenta')",Ross1980,C-5,,,,,,,,,,,,,
tomo1244-3-0273,tomo1244-3,coconut,bulme,,"/bu-lme/ 'CLASS-coconut'; cf. Ross (1988: 298): <buŋ-lme> 'a/the coconut', <la-lme> 'a piece of coconut', <ka-lme> 'a coconut palm'",Ross1980,C-5,,,,,,,,,,,,,
tomo1244-3-0274,tomo1244-3,ripe coconut (= drai),tarai,,loan from Tok Pisin /drai/ 'dry (coconut)',Ross1980,C-5,,,,,,,,,,,,,
tomo1244-3-0275,tomo1244-3,green drinking coconut (= kulau = karu),buŋme,,"/buŋ-[l]me/ 'CLASS-coconut'; cf. Ross (1988: 298): <buŋ-lme> 'a/the coconut', <la-lme> 'a piece of coconut', <ka-lme> 'a coconut palm'",Ross1980,C-6,,,,,,,,,,,,,
tomo1244-3-0276,tomo1244-3,coconut palm,kalme,,"/ka-lme/ 'CLASS-coconut'; cf. Ross (1988: 298): <buŋ-lme> 'a/the coconut', <la-lme> 'a piece of coconut', <ka-lme> 'a coconut palm'",Ross1980,C-6,,,,,,,,,,,,,
tomo1244-3-0277,tomo1244-3,coconut flesh (= kopra = kobara),,,,Ross1980,C-6,,,,,,,,,,,,,
tomo1244-3-0278,tomo1244-3,coconut milk (= milis = niu ranu),,,,Ross1980,C-6,,,,,,,,,,,,,
tomo1244-3-0279,tomo1244-3,coconut cream,,,,Ross1980,C-6,,,,,,,,,,,,,
tomo1244-3-0280,tomo1244-3,citrus fruit (= muli),muli,,loan from Tok Pisin /muli/ 'citrus fruit' (?),Ross1980,C-6,,,,,,,,,,,,,
tomo1244-3-0281,tomo1244-3,breadfruit (= kapiak = unu),buŋ biria,,/buŋ-biria/ 'CLASS-breadfruit'; cf. Ross (2008a: 284): <(buŋ)biria> 'breadfruit' (< POc *baReko 'breadfruit' (French-Wright 1983)),Ross1980,C-6,,,,,,,,,,,,,
tomo1244-3-0282,tomo1244-3,guava (= yambo),guava,,loan from Tok Pisin /guava/ 'guava' (?),Ross1980,C-6,,,,,,,,,,,,,
tomo1244-3-0283,tomo1244-3,Tahitian chestnut (= galip),kaŋali,,/ka-ŋali/ 'CLASS-galip',Ross1980,C-6,,,,,,,,,,,,,
tomo1244-3-0284,tomo1244-3,talis nut,talis,,loan from Tok Pisin /talis/ 'sea almond',Ross1980,C-6,,,,,,,,,,,,,
tomo1244-3-0285,tomo1244-3,derris root (= vut),taŋgu,,(?),Ross1980,C-6,,,,,,,,,,,,,
tomo1244-3-0286,tomo1244-3,sugarcane,nekunkun,,/ne=kunkun/ 'SG=sugarcane',Ross1980,C-6,,,,,,,,,,,,,
tomo1244-3-0287,tomo1244-3,banana,buŋmau,,"/buŋ-mao/ 'CLASS-banana'; cf. Ross (1988: 296): <mau> 'bananas' (in general), <buŋ-mau> 'a/the banana', <e-mau> 'some/the bananas'",Ross1980,C-6,,,,,,,,,,,,,
tomo1244-3-0288,tomo1244-3,banana tree,mmau,,"/m=mao/ 'SG=banana'; cf. Ross (1988: 296): <mau> 'bananas' (in general), <buŋ-mau> 'a/the banana', <e-mau> 'some/the bananas'",Ross1980,C-6,,,,,,,,,,,,,
tomo1244-3-0289,tomo1244-3,ripe (banana),buŋmau memian,,/buŋ-mao me-mian/ 'CLASS-banana ADJ-ripe',Ross1980,C-6,,,,,,,,,,,,,
tomo1244-3-0290,tomo1244-3,(plant) grows,mar,,,Ross1980,C-6,,,,,,,,,,,,,
tomo1244-3-0291,tomo1244-3,earth oven,ŋhum,,/ŋ=hum/ 'SG=earth.oven',Ross1980,C-7,,,,,,,,,,,,,
tomo1244-3-0292,tomo1244-3,(he) bakes (in earth oven),titoŋhum,,/ti=to-ŋ=hum/ '3SG.REAL=make-SG=earth.oven' (?),Ross1980,C-7,,,,,,,,,,,,,
tomo1244-3-0293,tomo1244-3,(he) bakes (over fire),timom,,/ti=mom/ '3SG.REAL=burn',Ross1980,C-7,,,,,,,,,,,,,
tomo1244-3-0294,tomo1244-3,(he) boils (in water),timomi,,/ti=mom-i/ '3SG.REAL=burn-i?' (?),Ross1980,C-7,,,,,,,,,,,,,
tomo1244-3-0295,tomo1244-3,(he) burns (grass),timom,,/ti=mom/ '3SG.REAL=burn',Ross1980,C-7,,,,,,,,,,,,,
tomo1244-3-0296,tomo1244-3,(he) plants (kaukau etc),ti hwa,,/ti=βa/ '3SG.REAL=plant',Ross1980,C-7,,,,,,,,,,,,,
tomo1244-3-0297,tomo1244-3,(he) buries (dead man),ti warie,,/ti=βa-rie/ '3SG.REAL=plant-TR' (?),Ross1980,C-7,,,,,,,,,,,,,
tomo1244-3-0298,tomo1244-3,(he) chops (wood),tikabuan,,/ti=kabua-n/ '3SG.REAL=chop?-TR' (?),Ross1980,C-7,,,,,,,,,,,,,
tomo1244-3-0299,tomo1244-3,(he) erects (a post),tivakodeltu,,/ti=βa-ko-deltu/ '3SG.REAL=CAUS-ko?-stand' (?),Ross1980,C-7,,,,,,,,,,,,,
tomo1244-3-0300,tomo1244-3,(he) coughs,tikarkuan,,/ti=karkuan/ '3SG.REAL=cough',Ross1980,C-7,,,,,,,,,,,,,
tomo1244-3-0301,tomo1244-3,(he) sneezes,timemsu,,/ti=memsu/ '3SG.REAL=sneeze?' (?),Ross1980,C-7,,,,,,,,,,,,,
tomo1244-3-0302,tomo1244-3,(he) yawns,ti mem ha,,/ti=mama/ '3SG.REAL=yawn' (?),Ross1980,C-7,,,,,,,,,,,,,
tomo1244-3-0303,tomo1244-3,(he) urinates,ti hurmim,,/ti=hormim/ '3SG.REAL=urinate' (?),Ross1980,C-7,,,,,,,,,,,,,
tomo1244-3-0304,tomo1244-3,(he) combs (the child's hair),tisikeri,,/ti=sikeri/ '3SG.REAL=comb',Ross1980,C-7,,,,,,,,,,,,,
tomo1244-3-0305,tomo1244-3,(he has) a pain,ti loban,,/ti=loban/ '3SG.REAL=pain',Ross1980,C-7,,,,,,,,,,,,,
tomo1244-3-0306,tomo1244-3,(he has) a sore,ivammek,,/i βa m=mek/ '3SG with SG=sore' (?); or /βa-/ 'CAUS' (?),Ross1980,C-7,,,,,,,,,,,,,
tomo1244-3-0307,tomo1244-3,pus (= waitpela blut = hura),motom,,cf. /motom/ 'blood',Ross1980,C-8,,,,,,,,,,,,,
tomo1244-3-0308,tomo1244-3,(he has) an itch,,,,Ross1980,C-8,,,,,,,,,,,,,
tomo1244-3-0309,tomo1244-3,(he has) a bruise,,,,Ross1980,C-8,,,,,,,,,,,,,
tomo1244-3-0310,tomo1244-3,(the baby) is born,,,,Ross1980,C-8,,,,,,,,,,,,,
tomo1244-3-0311,tomo1244-3,(he) opens (a door),ti konene,,/ti=konene/ '3SG.REAL=open',Ross1980,C-8,,,,,,,,,,,,,
tomo1244-3-0312,tomo1244-3,(he) shakes (a coconut),ti vatotorini,,"/ti=βa-totori-ni/ '3SG.REAL=CAUS-shake?-TR?' (?); or /-rie-ni/ 'TR-TR' (?); reduplication (?); related to /tutoro/ 'to beat, to pound, to mash' (?)",Ross1980,C-8,,,,,,,,,,,,,
tomo1244-3-0313,tomo1244-3,(he) dives,,,,Ross1980,C-8,,,,,,,,,,,,,
tomo1244-3-0314,tomo1244-3,(stone) stuks [sic: '(stone) sinks'?],,,,Ross1980,C-8,,,,,,,,,,,,,
tomo1244-3-0315,tomo1244-3,(she) weaves (a mat),tisoŋrie,,/ti=soŋ-rie/ '3SG.REAL=weave-TR',Ross1980,C-8,,,,,,,,,,,,,
tomo1244-3-0316,tomo1244-3,(he) comes back,timilmil,,/ti=mil~mil/ '3SG.REAL=return.return'; reduplication,Ross1980,C-8,,,,,,,,,,,,,
tomo1244-3-0317,tomo1244-3,quickly,pasiŋ,,contains /siŋ/ 'cut' (?),Ross1980,C-8,,,,,,,,,,,,,
tomo1244-3-0318,tomo1244-3,again,men,,also /mi/ (?),Ross1980,C-8,,,,,,,,,,,,,
tomo1244-3-0319,tomo1244-3,yesterday,tere,,,Ross1980,C-8,,,,,,,,,,,,,
tomo1244-3-0320,tomo1244-3,tomorrow,murik,,/morik/ (?),Ross1980,C-8,,,,,,,,,,,,,
tomo1244-3-0321,tomo1244-3,soft,,,,Ross1980,C-8,,,,,,,,,,,,,
tomo1244-3-0322,tomo1244-3,(he has) a dream,tiamliŋ,,/ti=ʝamleŋ/ '3SG.REAL=dream',Ross1980,C-8,,,,,,,,,,,,,
tomo1244-3-0323,tomo1244-3,(his) sister's child,,,,Ross1980,D-1,,,,,,,,,,,,,
tomo1244-3-0324,tomo1244-3,(his) mother's brother,,,,Ross1980,D-1,,,,,,,,,,,,,
tomo1244-3-0325,tomo1244-3,(his) shoulder,belon,,/be lo-n/ 'armpit? POSS-3SG'; 'shoulder' or 'armpit' (?),Ross1980,D-1,,,,,,,,,,,,,
tomo1244-3-0326,tomo1244-3,(his) lips,pinien,,/pini e-n/ 'lip POSS-3SG' (?),Ross1980,D-1,,,,,,,,,,,,,
tomo1244-3-0327,tomo1244-3,(his) molar tooth,,,,Ross1980,D-1,,,,,,,,,,,,,
tomo1244-3-0328,tomo1244-3,(his) voice,helon,,/he lo-n/ 'voice POSS-3SG' (?); same as 'stick' (?),Ross1980,D-1,,,,,,,,,,,,,
tomo1244-3-0329,tomo1244-3,(his) back of head,mekaplon,,/me kap lo-n/ '? back POSS-3SG' (?),Ross1980,D-1,,,,,,,,,,,,,
tomo1244-3-0330,tomo1244-3,(his) side of head,,,,Ross1980,D-1,,,,,,,,,,,,,
tomo1244-3-0331,tomo1244-3,flesh,buruholon,,/burho lo-n/ 'flesh POSS-3SG' (?),Ross1980,D-1,,,,,,,,,,,,,
tomo1244-3-0332,tomo1244-3,boy,,,,Ross1980,D-1,,,,,,,,,,,,,
tomo1244-3-0333,tomo1244-3,young man,,,,Ross1980,D-1,,,,,,,,,,,,,
tomo1244-3-0334,tomo1244-3,reef,evarilon,,/e=βari lo-n/ 'PL=rib POSS-3SG'; 'reef' probably confused with 'rib' due to homophony in Tok Pisin/New Guinea English,Ross1980,D-1,,,,,,,,,,,,,
tomo1244-3-0335,tomo1244-3,coral (limestone),lakaŋ,,(?),Ross1980,D-1,,,,,,,,,,,,,
tomo1244-3-0336,tomo1244-3,beach/shore,luande,,/lua-nde/ '?-sea' (?),Ross1980,D-1,,,,,,,,,,,,,
tomo1244-3-0337,tomo1244-3,swamp,,,,Ross1980,D-1,,,,,,,,,,,,,
tomo1244-3-0338,tomo1244-3,high tide,,,,Ross1980,D-1,,,,,,,,,,,,,
tomo1244-3-0339,tomo1244-3,low tide,,,,Ross1980,D-1,,,,,,,,,,,,,
tomo1244-3-0340,tomo1244-3,fish-trap (basket),paŋo,,,Ross1980,D-2,,,,,,,,,,,,,
tomo1244-3-0341,tomo1244-3,bait,,,,Ross1980,D-2,,,,,,,,,,,,,
tomo1244-3-0342,tomo1244-3,canoe,nuaŋ,,"cf. Ross (1988: 292): <n-uaŋ> 'QM-canoe' [i.e., 'quantity marker']",Ross1980,D-2,,,,,,,,,,,,,
tomo1244-3-0343,tomo1244-3,2 [two canoes],ronuaŋ,,/ro=nuaŋ/ 'DU=canoe',Ross1980,D-2,,,,,,,,,,,,,
tomo1244-3-0344,tomo1244-3,m [many canoes?],enuaŋ asi,,/e=nuaŋ asi/ 'PL=canoe other',Ross1980,D-2,,,,,,,,,,,,,
tomo1244-3-0345,tomo1244-3,outrigger boom,siaman,,loan from Tok Pisin /saman/ 'outrigger' (?),Ross1980,D-2,,,,,,,,,,,,,
tomo1244-3-0346,tomo1244-3,boom of sail (= bum),,,,Ross1980,D-2,,,,,,,,,,,,,
tomo1244-3-0347,tomo1244-3,(he) lands (on the beach),,,,Ross1980,D-2,,,,,,,,,,,,,
tomo1244-3-0348,tomo1244-3,canoe roller,,,,Ross1980,D-2,,,,,,,,,,,,,
tomo1244-3-0349,tomo1244-3,turtle,kutuna,,,Ross1980,D-2,,,,,,,,,,,,,
tomo1244-3-0350,tomo1244-3,crayfish,ŋku,,/ŋ=ko/ 'SG=crayfish' (?),Ross1980,D-2,,,,,,,,,,,,,
tomo1244-3-0351,tomo1244-3,dugong,morip,,,Ross1980,D-2,,,,,,,,,,,,,
tomo1244-3-0352,tomo1244-3,pearlshell (= lalai),,,,Ross1980,D-2,,,,,,,,,,,,,
tomo1244-3-0353,tomo1244-3,centipede,kamor hembua,,prefix /ka-/ (?); [mor] also found in /morbieŋ/ 'worm',Ross1980,D-2,,,,,,,,,,,,,
tomo1244-3-0354,tomo1244-3,spider,buŋkuluak,,/buŋ-koluak/ 'CLASS-spider' (?),Ross1980,D-2,,,,,,,,,,,,,
tomo1244-3-0355,tomo1244-3,(spider's wet [sic: '(spider's) web'?],,,,Ross1980,D-2,,,,,,,,,,,,,
tomo1244-3-0356,tomo1244-3,nit (louse's egg) 'louse',ŋkur,,/ŋ=kur/ 'SG=louse',Ross1980,D-2,,,,,,,,,,,,,
tomo1244-3-0357,tomo1244-3,nit (louse's egg) 'nit',ele,,/e=le/ 'PL=nit',Ross1980,D-2,,,,,,,,,,,,,
tomo1244-3-0358,tomo1244-3,rat,mme,,/m=me/ 'SG=rat/bandicoot',Ross1980,D-2,,,,,,,,,,,,,
tomo1244-3-0359,tomo1244-3,flying fox,nemsik,,/ne=msik/ 'SG=flying.fox',Ross1980,D-2,,,,,,,,,,,,,
tomo1244-3-0360,tomo1244-3,baby bird,,,,Ross1980,D-2,,,,,,,,,,,,,
tomo1244-3-0361,tomo1244-3,bandicoot (= mumut),mme,,/m=me/ 'SG=rat/bandicoot',Ross1980,D-2,,,,,,,,,,,,,
tomo1244-3-0362,tomo1244-3,(a) fly (= lang),melaŋ,,perhaps should be: /ne=laŋ/ '3SG=fly' (?); loan from Tok Pisin /lang/ 'fly' (?),Ross1980,D-2,,,,,,,,,,,,,
tomo1244-3-0363,tomo1244-3,casuarina tree (= yar),,,,Ross1980,D-3,,,,,,,,,,,,,
tomo1244-3-0364,tomo1244-3,calopyllum tree (= kalopilum),,,,Ross1980,D-3,,,,,,,,,,,,,
tomo1244-3-0365,tomo1244-3,coral tree (= palpal),,,,Ross1980,D-3,,,,,,,,,,,,,
tomo1244-3-0366,tomo1244-3,branch (of tree),pehe,,cf. /he/ 'stick',Ross1980,D-3,,,,,,,,,,,,,
tomo1244-3-0367,tomo1244-3,Morinda citrifolia (small tree with bitter knobbly fruit and roots that give yellow dye; or red dye if mixed with lime),,,,Ross1980,D-3,,,,,,,,,,,,,
tomo1244-3-0368,tomo1244-3,milk,,,,Ross1980,D-3,,,,,,,,,,,,,
tomo1244-3-0369,tomo1244-3,(he) chews (betelnut),ŋaŋsie,,/ŋaŋ-sie/ 'chew-TR',Ross1980,D-3,,,,,,,,,,,,,
tomo1244-3-0370,tomo1244-3,(he) swallows (food),vadelie,,/βa-del-ie/ 'CAUS-mouth-TR' (?),Ross1980,D-3,,,,,,,,,,,,,
tomo1244-3-0371,tomo1244-3,(he) is) hungry,tutol,,/t[i]=utol/ '3SG.REAL=be.hungry',Ross1980,D-3,,,,,,,,,,,,,
tomo1244-3-0372,tomo1244-3,taste (of food),,,,Ross1980,D-3,,,,,,,,,,,,,
tomo1244-3-0373,tomo1244-3,(the food is) tasty,,,,Ross1980,D-3,,,,,,,,,,,,,
tomo1244-3-0374,tomo1244-3,famine,,,,Ross1980,D-3,,,,,,,,,,,,,
tomo1244-3-0375,tomo1244-3,(coconut) husk,,,,Ross1980,D-3,,,,,,,,,,,,,
tomo1244-3-0376,tomo1244-3,(coconut) blossom,,,,Ross1980,D-3,,,,,,,,,,,,,
tomo1244-3-0377,tomo1244-3,(he) picks up (fallen coconuts),veri,,/βeri/ 'pick up' (?); transitive suffix /-rie/ (?),Ross1980,D-3,,,,,,,,,,,,,
tomo1244-3-0378,tomo1244-3,(he) collects (fallen coconuts),,,,Ross1980,D-3,,,,,,,,,,,,,
tomo1244-3-0379,tomo1244-3,(he) carries (a coconut),roie,,/ro-ie/ 'carry-TR',Ross1980,D-3,,,,,,,,,,,,,
tomo1244-3-0380,tomo1244-3,basket,larat,,,Ross1980,D-3,,,,,,,,,,,,,
tomo1244-3-0381,tomo1244-3,basket (dl),rolarat,,/ro=larat/ 'DU=basket',Ross1980,D-3,,,,,,,,,,,,,
tomo1244-3-0382,tomo1244-3,basket (pl),elarat,,/e=larat/ 'PL=basket',Ross1980,D-3,,,,,,,,,,,,,
tomo1244-3-0383,tomo1244-3,"(the baset is) old, worn out",,,,Ross1980,D-4,,,,,,,,,,,,,
tomo1244-3-0384,tomo1244-3,(cooking) pot,,,,Ross1980,D-4,,,,,,,,,,,,,
tomo1244-3-0385,tomo1244-3,(he) fills (a pot with water),,,,Ross1980,D-4,,,,,,,,,,,,,
tomo1244-3-0386,tomo1244-3,cup,,,,Ross1980,D-4,,,,,,,,,,,,,
tomo1244-3-0387,tomo1244-3,dish,,,,Ross1980,D-4,,,,,,,,,,,,,
tomo1244-3-0388,tomo1244-3,mat,,,,Ross1980,D-4,,,,,,,,,,,,,
tomo1244-3-0389,tomo1244-3,room (in house),,,,Ross1980,D-4,,,,,,,,,,,,,
tomo1244-3-0390,tomo1244-3,wall (of house),,,,Ross1980,D-4,,,,,,,,,,,,,
tomo1244-3-0391,tomo1244-3,doorpost,,,,Ross1980,D-4,,,,,,,,,,,,,
tomo1244-3-0392,tomo1244-3,ladder,,,,Ross1980,D-4,,,,,,,,,,,,,
tomo1244-3-0393,tomo1244-3,flat (ground),,,,Ross1980,D-4,,,,,,,,,,,,,
tomo1244-3-0394,tomo1244-3,axe,pemu,,loan from Kol?,Ross1980,D-4,,,,,,,,,,,,,
tomo1244-3-0395,tomo1244-3,adze (= tamiok),,,,Ross1980,D-4,,,,,,,,,,,,,
tomo1244-3-0396,tomo1244-3,knife,viso,,/βiso/ (?); aREAL term (?),Ross1980,D-4,,,,,,,,,,,,,
tomo1244-3-0397,tomo1244-3,(he) sharpens (a stick to a point),kadelien,,/kadel-ie-n/ 'sharp(en)?-TR-TR-' (?),Ross1980,D-4,,,,,,,,,,,,,
tomo1244-3-0398,tomo1244-3,"torch (of burning leaves, etc.)",,,,Ross1980,D-4,,,,,,,,,,,,,
tomo1244-3-0399,tomo1244-3,(sun) rises,tipu,,/ti=pu/ '3SG.REAL=go',Ross1980,D-4,,,,,,,,,,,,,
tomo1244-3-0400,tomo1244-3,[(sun)] sets,titio,,"/ti=tio/ '3SG.REAL=go.down'; cf. Osmond (2007: 182): <tio> '(sun) sets' (< POc *sipo 'go down, downwards')",Ross1980,D-4,,,,,,,,,,,,,
tomo1244-3-0401,tomo1244-3,(sun) shines,tiban,,/ti=ban/ 3SG.REAL=shine',Ross1980,D-4,,,,,,,,,,,,,
tomo1244-3-0402,tomo1244-3,today,tagerie,,/ta girie/ '? front' (?); 'just now' (?),Ross1980,D-4,,,,,,,,,,,,,
tomo1244-3-0403,tomo1244-3,day before yesterday (= asde bipo),tere ar,,/tere ʝar/ 'yesterday one.day.off' (?),Ross1980,D-4,,,,,,,,,,,,,
tomo1244-3-0404,tomo1244-3,day after tomorrow (= haptumora),muri ari,,/morik ʝar/ 'tomorrow one.day.off' (?),Ross1980,D-5,,,,,,,,,,,,,
tomo1244-3-0405,tomo1244-3,evening,loiok,,/loʝok/ (?),Ross1980,D-5,,,,,,,,,,,,,
tomo1244-3-0406,tomo1244-3,downwards,tambaden,,,Ross1980,D-5,,,,,,,,,,,,,
tomo1244-3-0407,tomo1244-3,upwards,tanyali,,/tanʝali/ (?),Ross1980,D-5,,,,,,,,,,,,,
tomo1244-3-0408,tomo1244-3,"(people) gather, assemble",,,,Ross1980,D-5,,,,,,,,,,,,,
tomo1244-3-0409,tomo1244-3,how many?,,,,Ross1980,D-5,,,,,,,,,,,,,
tomo1244-3-0410,tomo1244-3,a hundred,,,,Ross1980,D-5,,,,,,,,,,,,,
tomo1244-3-0411,tomo1244-3,a thousand/very many,,,,Ross1980,D-5,,,,,,,,,,,,,
tomo1244-3-0412,tomo1244-3,(he) ties (a knot),rarie,,/rar-ie/ 'tie-TR',Ross1980,D-5,,,,,,,,,,,,,
tomo1244-3-0413,tomo1244-3,(he) wraps (a parcel),,,,Ross1980,D-5,,,,,,,,,,,,,
tomo1244-3-0414,tomo1244-3,(he) hides (his money),,,,Ross1980,D-5,,,,,,,,,,,,,
tomo1244-3-0415,tomo1244-3,(he) loses (his money),,,,Ross1980,D-5,,,,,,,,,,,,,
tomo1244-3-0416,tomo1244-3,(he) searches (for his money),,,,Ross1980,D-5,,,,,,,,,,,,,
tomo1244-3-0417,tomo1244-3,"(he) distributes, divides up (the food)",,,,Ross1980,D-5,,,,,,,,,,,,,
tomo1244-3-0418,tomo1244-3,(he) peels (kaukau),,,,Ross1980,D-5,,,,,,,,,,,,,
tomo1244-3-0419,tomo1244-3,(he) spoils (food),,,,Ross1980,D-5,,,,,,,,,,,,,
tomo1244-3-0420,tomo1244-3,(he) splashes (water),,,,Ross1980,D-5,,,,,,,,,,,,,
tomo1244-3-0421,tomo1244-3,(water) drips,,,,Ross1980,D-5,,,,,,,,,,,,,
tomo1244-3-0422,tomo1244-3,(he) bores (a hold) [sic: '(he) bores (a hole)'?],,,,Ross1980,D-5,,,,,,,,,,,,,
tomo1244-3-0423,tomo1244-3,(wood is) rotten,,,,Ross1980,D-5,,,,,,,,,,,,,
tomo1244-3-0424,tomo1244-3,(rotten wood) stinks,,,,Ross1980,D-6,,,,,,,,,,,,,
tomo1244-3-0425,tomo1244-3,(he) pulls,,,,Ross1980,D-6,,,,,,,,,,,,,
tomo1244-3-0426,tomo1244-3,(he) pushes,hodie,,same as 'spear [PL?]' (?),Ross1980,D-6,,,,,,,,,,,,,
tomo1244-3-0427,tomo1244-3,(he) tears (paper),siŋri,,/siŋ-rie/ 'cut-TR' (?),Ross1980,D-6,,,,,,,,,,,,,
tomo1244-3-0428,tomo1244-3,(he) sings,tisil,,/ti=sil/ '3SG.REAL=sing',Ross1980,D-6,,,,,,,,,,,,,
tomo1244-3-0429,tomo1244-3,(he) trembles,,,,Ross1980,D-6,,,,,,,,,,,,,
tomo1244-3-0430,tomo1244-3,(he) goes crazy,,,,Ross1980,D-6,,,,,,,,,,,,,
tomo1244-3-0431,tomo1244-3,(he) heals (sickness),,,,Ross1980,D-6,,,,,,,,,,,,,
tomo1244-3-0432,tomo1244-3,(he) smears (paint),,,,Ross1980,D-6,,,,,,,,,,,,,
tomo1244-3-0433,tomo1244-3,(he) whitens (with paint),,,,Ross1980,D-6,,,,,,,,,,,,,
tomo1244-3-0434,tomo1244-3,(he) blackens (with paint),,,,Ross1980,D-6,,,,,,,,,,,,,
tomo1244-3-0435,tomo1244-3,"(he is) correct, right",,,,Ross1980,D-6,,,,,,,,,,,,,
tomo1244-3-0436,tomo1244-3,we three (excl) (= mitripela),,,,Ross1980,D-6,,,,,,,,,,,,,
tomo1244-3-0437,tomo1244-3,we three (incl.) (= yumi tripela),,,,Ross1980,D-6,,,,,,,,,,,,,
tomo1244-3-0438,tomo1244-3,you three (= yutripela),,,,Ross1980,D-6,,,,,,,,,,,,,
tomo1244-3-0439,tomo1244-3,they three (= (ol) tripela),,,,Ross1980,D-6,,,,,,,,,,,,,
tomo1244-3-0440,tomo1244-3,widow (female),nolo bumi,,/nolo/ 'woman'; meaning of /bumi/ is unclear,Ross1980,D-7,,,,,,,,,,,,,
tomo1244-3-0441,tomo1244-3,widower (male),,,,Ross1980,D-7,,,,,,,,,,,,,
tomo1244-3-0442,tomo1244-3,(she) is pregnant,,,,Ross1980,D-7,,,,,,,,,,,,,
tomo1244-3-0443,tomo1244-3,(he) has a rest,,,,Ross1980,D-7,,,,,,,,,,,,,
tomo1244-3-0444,tomo1244-3,(he) lies down,,,,Ross1980,D-7,,,,,,,,,,,,,
tomo1244-3-0445,tomo1244-3,(he) falls asleep,,,,Ross1980,D-7,,,,,,,,,,,,,
tomo1244-3-0446,tomo1244-3,(he) is asleep,,,,Ross1980,D-7,,,,,,,,,,,,,
tomo1244-3-0447,tomo1244-3,(he) mumbles,,,,Ross1980,D-7,,,,,,,,,,,,,
tomo1244-3-0448,tomo1244-3,(rice) dries up (because cooked too long),ti muo,,/ti=muo/ '3SG.REAL=dry',Ross1980,D-7,,,,,,,,,,,,,
tomo1244-3-0449,tomo1244-3,"spoon, ladle",,,,Ross1980,D-7,,,,,,,,,,,,,
tomo1244-3-0450,tomo1244-3,soup,,,,Ross1980,D-7,,,,,,,,,,,,,
tomo1244-3-0451,tomo1244-3,(he) tastes (the food),,,,Ross1980,D-7,,,,,,,,,,,,,
tomo1244-3-0452,tomo1244-3,(the food) is sweet,,,,Ross1980,D-7,,,,,,,,,,,,,
tomo1244-3-0453,tomo1244-3,(he) scrapes (a coconut),kasie,,/ka-sie/ 'scrape?-TR' (?),Ross1980,D-7,,,,,,,,,,,,,
tomo1244-3-0454,tomo1244-3,scraper (for coconuts),sigirap,,loan from Tok Pisin /sikirap/ 'scraper',Ross1980,D-7,,,,,,,,,,,,,
tomo1244-3-0455,tomo1244-3,thatch (for roof) (= morota),rurdi,,(?),Ross1980,D-7,,,,,,,,,,,,,
tomo1244-3-0456,tomo1244-3,bailer (for canoe),,,,Ross1980,D-7,,,,,,,,,,,,,
tomo1244-3-0457,tomo1244-3,load (cargo into boat),,,,Ross1980,D-7,,,,,,,,,,,,,
tomo1244-3-0458,tomo1244-3,tide,,,,Ross1980,D-7,,,,,,,,,,,,,
tomo1244-3-0459,tomo1244-3,current,,,,Ross1980,D-8,,,,,,,,,,,,,
tomo1244-3-0460,tomo1244-3,stonefish,karamsel,,loan from Tok Pisin /kramsel/ 'clam' (?); prompt perhaps misunderstood (?),Ross1980,D-8,,,,,,,,,,,,,
tomo1244-3-0461,tomo1244-3,seagull (= kanai),,,,Ross1980,D-8,,,,,,,,,,,,,
tomo1244-3-0462,tomo1244-3,"pigeon, dove (= balus)",,,,Ross1980,D-8,,,,,,,,,,,,,
tomo1244-3-0463,tomo1244-3,(bird's) (nest,,,,Ross1980,D-8,,,,,,,,,,,,,
tomo1244-3-0464,tomo1244-3,fork (e.g. in tree branch),,,,Ross1980,D-8,,,,,,,,,,,,,
tomo1244-3-0465,tomo1244-3,thorn (on bush),hodie,,cf. /hodie/ 'spear [PL?]',Ross1980,D-8,,,,,,,,,,,,,
tomo1244-3-0466,tomo1244-3,quick-flowing (water in river),,,,Ross1980,D-8,,,,,,,,,,,,,
tomo1244-3-0467,tomo1244-3,dew,,,,Ross1980,D-8,,,,,,,,,,,,,
tomo1244-3-0468,tomo1244-3,"brightness, light, radiance",,,,Ross1980,D-8,,,,,,,,,,,,,
tomo1244-3-0469,tomo1244-3,(he) steals,kararik,,/kaerarik/ (?),Ross1980,D-8,,,,,,,,,,,,,
tomo1244-3-0470,tomo1244-3,out of sight,,,,Ross1980,D-8,,,,,,,,,,,,,
tomo1244-3-0471,tomo1244-3,far away,auŋamuŋ,,/au-ŋa muŋ/ 'at-there turn' (?),Ross1980,D-8,,,,,,,,,,,,,
tomo1244-3-0472,tomo1244-3,personal article,a,,,Ross1988,239,,,,,,,,,,,,,
tomo1244-3-0473,tomo1244-3,general possessive classifier,anV- ,,,Ross1988,274,,,,,,,,,,,,,
tomo1244-3-0474,tomo1244-3,[motion from (locative adverb)],ton-,,"/to/ 'from' (ablative particle) plus /n/ 'to go, to come' (?)",Ross1988,276,,,,,,,,,,,,,
tomo1244-3-0475,tomo1244-3,D:1EP,i-kem,,1PL.EXCL (disjunctive?),Ross1988,278,,,,,,,,,,,,,
tomo1244-3-0476,tomo1244-3,D:1IP,kusir,,1PL.INCL (disjunctive?): /kusier/ (?),Ross1988,278,,,,,,,,,,,,,
tomo1244-3-0477,tomo1244-3,D:2P,i-kom,,2PL (disjunctive?),Ross1988,278,,,,,,,,,,,,,
tomo1244-3-0478,tomo1244-3,P:lIP ,-sir,,/-sier/ '1PL.INCL.POSS' (?),Ross1988,278,,,,,,,,,,,,,
tomo1244-3-0479,tomo1244-3,locative preposition,lo,,,Ross1988,286,,,,,,,,,,,,,
tomo1244-3-0480,tomo1244-3,D:1S,o,,"i.e., 1SG disjunctive pronoun; /ʝo/ (?)",Ross1988,292,,,,,,,,,,,,,
tomo1244-3-0481,tomo1244-3,"non-future, non-habitual marker",t-,,part of /ta/,Ross1988,292,,,,,,,,,,,,,
tomo1244-3-0482,tomo1244-3,S:1S,a-,,"i.e., 1SG subject marker (part of /ta/)",Ross1988,292,,,,,,,,,,,,,
tomo1244-3-0483,tomo1244-3,make,to,,,Ross1988,292,,,,,,,,,,,,,
tomo1244-3-0484,tomo1244-3,QM,n-,,"i.e., quantity marker (with <uaŋ> 'canoe'); fossilized part of root (?); allomorph of singular-marking proclitic /ne-/",Ross1988,292,,,,,,,,,,,,,
tomo1244-3-0485,tomo1244-3,this (DEM),aŋa,,proximal or distal demonstrative (?),Ross1988,292,,,,,,,,,,,,,
tomo1244-3-0486,tomo1244-3,L,me-,,"i.e., ligature (with <kakae> 'small')",Ross1988,292,,,,,,,,,,,,,
tomo1244-3-0487,tomo1244-3,[D],ro-,,dual-marking proclitic (as in <ro-pap> 'the (two) dogs') [extrapolated from example],Ross1988,293,,,,,,,,,,,,,
tomo1244-3-0488,tomo1244-3,ART,ne-,,"i.e., article; singular-marking proclitic (with <pap> 'dog') (cf. p. 293)",Ross1988,296,,,,,,,,,,,,,
tomo1244-3-0489,tomo1244-3,P,e-,,"i.e., plural; plural-marking proclitic (with <pap> 'dog', <mau> 'banana') (cf. p. 293)",Ross1988,296,,,,,,,,,,,,,
tomo1244-3-0490,tomo1244-3,QM,buŋ-,,"i.e., quantity marker (with <mau> 'banana': 'a/the banana'); cf. p. 298 (with <lme> 'coconut': 'a/the coconut'); class prefix for fruits, round things, bunches (?)",Ross1988,296,,,,,,,,,,,,,
tomo1244-3-0491,tomo1244-3,QM,la-,,"i.e., quantity marker (with <lme> 'coconut': 'a piece of coconut'); class prefix for baskets, open things, pieces (?)",Ross1988,298,,,,,,,,,,,,,
tomo1244-3-0492,tomo1244-3,QM,ka-,,"i.e., quantity marker (with <lme> 'coconut': 'a coconut palm'); class prefix for trees, long things, plants (?)",Ross1988,298,,,,,,,,,,,,,
,,,,,,,,,,,,,,,,,,,,
,,,,,,,,,,,,,,,,,,,,
,,,,,,,,,,,,,,,,,,,,
,,,,,,,,,,,,,,,,,,,,
,,,,,,,,,,,,,,,,,,,,
,,,,,,,,,,,,,,,,,,,,
,,,,,,,,,,,,,,,,,,,,
,,,,,,,,,,,,,,,,,,,,
,,,,,,,,,,,,,,,,,,,,
,,,,,,,,,,,,,,,,,,,,
,,,,,,,,,,,,,,,,,,,,
,,,,,,,,,,,,,,,,,,,,
,,,,,,,,,,,,,,,,,,,,
,,,,,,,,,,,,,,,,,,,,
,,,,,,,,,,,,,,,,,,,,
,,,,,,,,,,,,,,,,,,,,
,,,,,,,,,,,,,,,,,,,,
,,,,,,,,,,,,,,,,,,,,
,,,,,,,,,,,,,,,,,,,,
,,,,,,,,,,,,,,,,,,,,
,,,,,,,,,,,,,,,,,,,,
,,,,,,,,,,,,,,,,,,,,
,,,,,,,,,,,,,,,,,,,,
,,,,,,,,,,,,,,,,,,,,
,,,,,,,,,,,,,,,,,,,,
,,,,,,,,,,,,,,,,,,,,
,,,,,,,,,,,,,,,,,,,,
,,,,,,,,,,,,,,,,,,,,
,,,,,,,,,,,,,,,,,,,,
,,,,,,,,,,,,,,,,,,,,
,,,,,,,,,,,,,,,,,,,,
,,,,,,,,,,,,,,,,,,,,
,,,,,,,,,,,,,,,,,,,,
,,,,,,,,,,,,,,,,,,,,
,,,,,,,,,,,,,,,,,,,,
,,,,,,,,,,,,,,,,,,,,
,,,,,,,,,,,,,,,,,,,,
,,,,,,,,,,,,,,,,,,,,
,,,,,,,,,,,,,,,,,,,,
,,,,,,,,,,,,,,,,,,,,
,,,,,,,,,,,,,,,,,,,,
,,,,,,,,,,,,,,,,,,,,
,,,,,,,,,,,,,,,,,,,,
,,,,,,,,,,,,,,,,,,,,
,,,,,,,,,,,,,,,,,,,,
,,,,,,,,,,,,,,,,,,,,
,,,,,,,,,,,,,,,,,,,,
,,,,,,,,,,,,,,,,,,,,
,,,,,,,,,,,,,,,,,,,,
,,,,,,,,,,,,,,,,,,,,
,,,,,,,,,,,,,,,,,,,,
,,,,,,,,,,,,,,,,,,,,
,,,,,,,,,,,,,,,,,,,,
,,,,,,,,,,,,,,,,,,,,
,,,,,,,,,,,,,,,,,,,,
,,,,,,,,,,,,,,,,,,,,
,,,,,,,,,,,,,,,,,,,,
,,,,,,,,,,,,,,,,,,,,
,,,,,,,,,,,,,,,,,,,,
,,,,,,,,,,,,,,,,,,,,
,,,,,,,,,,,,,,,,,,,,
,,,,,,,,,,,,,,,,,,,,
,,,,,,,,,,,,,,,,,,,,
,,,,,,,,,,,,,,,,,,,,
,,,,,,,,,,,,,,,,,,,,
,,,,,,,,,,,,,,,,,,,,
,,,,,,,,,,,,,,,,,,,,
,,,,,,,,,,,,,,,,,,,,
,,,,,,,,,,,,,,,,,,,,
,,,,,,,,,,,,,,,,,,,,
,,,,,,,,,,,,,,,,,,,,
,,,,,,,,,,,,,,,,,,,,
,,,,,,,,,,,,,,,,,,,,
,,,,,,,,,,,,,,,,,,,,
,,,,,,,,,,,,,,,,,,,,
,,,,,,,,,,,,,,,,,,,,
,,,,,,,,,,,,,,,,,,,,
,,,,,,,,,,,,,,,,,,,,
,,,,,,,,,,,,,,,,,,,,
,,,,,,,,,,,,,,,,,,,,
,,,,,,,,,,,,,,,,,,,,
,,,,,,,,,,,,,,,,,,,,
,,,,,,,,,,,,,,,,,,,,
,,,,,,,,,,,,,,,,,,,,
,,,,,,,,,,,,,,,,,,,,
,,,,,,,,,,,,,,,,,,,,
,,,,,,,,,,,,,,,,,,,,
,,,,,,,,,,,,,,,,,,,,
,,,,,,,,,,,,,,,,,,,,
,,,,,,,,,,,,,,,,,,,,
,,,,,,,,,,,,,,,,,,,,
,,,,,,,,,,,,,,,,,,,,
,,,,,,,,,,,,,,,,,,,,
,,,,,,,,,,,,,,,,,,,,
,,,,,,,,,,,,,,,,,,,,
,,,,,,,,,,,,,,,,,,,,
,,,,,,,,,,,,,,,,,,,,
,,,,,,,,,,,,,,,,,,,,
,,,,,,,,,,,,,,,,,,,,
,,,,,,,,,,,,,,,,,,,,
,,,,,,,,,,,,,,,,,,,,
,,,,,,,,,,,,,,,,,,,,
,,,,,,,,,,,,,,,,,,,,
,,,,,,,,,,,,,,,,,,,,
,,,,,,,,,,,,,,,,,,,,